ip,port,anonymityLevel,asn,country,isp,latency,org,protocols,responseTime,speed,updated_at,upTime,upTimeSuccessCount,upTimeTryCount
"38.91.106.204","40103","elite","N/A","US","N/A","73","N/A","socks5","N/A","1","2022-01-14T16:01:23.480Z","100","4616","4622"
"147.135.255.62","8242","elite","AS16276","FR","OVH SAS","144","OVH","http","61","286","2022-01-14T16:01:21.197Z","100","54","54"
"178.128.178.169","3128","transparent","N/A","US","N/A","2","N/A","https","N/A","N/A","2022-01-14T16:01:21.307Z","100","4811","4811"
"43.249.224.170","84","transparent","AS18229","IN","Equinox Consulting PVT LTD","221","Pioneer Elabs Ltd.","http","46","N/A","2022-01-14T16:01:20.509Z","100","73","73"
"62.109.31.192","20000","elite","AS29182","RU","Cjsc the First","181","TheFirst","socks5","35","1","2022-01-14T16:01:17.958Z","100","54","54"
"173.244.200.156","49086","elite","AS32780","US","Hosting Services, Inc.","77","Hosting Services, Inc.","socks5","51","1","2022-01-14T16:01:15.676Z","100","45","45"
"191.243.217.1","53281","elite","N/A","BR","N/A","145","N/A","https","N/A","N/A","2022-01-14T16:01:13.476Z","100","4771","4776"
"195.29.77.19","8080","transparent","N/A","HR","N/A","177","N/A","http","N/A","N/A","2022-01-14T16:01:11.084Z","100","4737","4740"
"88.157.181.42","8080","transparent","N/A","PT","N/A","177","N/A","https","N/A","355","2022-01-14T16:01:08.624Z","100","4785","4785"
"188.132.241.165","56109","elite","AS42910","TR","Sadecehosting","N/A","Equinix Turkey Internet Hizmetleri Anonim Sirketi","socks4","38","1","2022-01-14T16:01:06.170Z","98","3925","4010"
"191.243.218.249","53281","elite","N/A","BR","N/A","146","N/A","https","N/A","N/A","2022-01-14T16:01:02.040Z","100","4752","4758"
"143.198.237.236","9050","elite","AS14061","US","DigitalOcean, LLC","3","DigitalOcean, LLC","socks5","35","1","2022-01-14T16:00:59.644Z","54","2504","4654"
"138.68.42.77","3128","transparent","N/A","US","N/A","2","N/A","https","N/A","N/A","2022-01-14T16:00:59.177Z","100","4787","4787"
"66.170.183.90","9090","elite","AS22113","CA","Belair Technologies","86","Belair Technologies","http","35","N/A","2022-01-14T16:00:59.537Z","99","4746","4782"
"142.93.24.89","3128","transparent","N/A","US","N/A","2","N/A","https","N/A","N/A","2022-01-14T16:00:59.071Z","100","4796","4796"
"88.250.55.132","8080","elite","AS47331","TR","TurkTelecom","199","Turk Telekomunikasyon A.S","socks4","35","1","2022-01-14T16:00:58.307Z","100","4789","4806"
"136.243.174.243","1080","elite","N/A","DE","N/A","161","N/A","socks4","N/A","1","2022-01-14T16:00:58.863Z","100","4777","4781"
"144.202.113.90","8080","elite","AS20473","US","Choopa","8","Vultr Holdings, LLC","http","46","18","2022-01-14T16:00:58.439Z","100","4803","4804"
"142.93.31.20","3128","transparent","N/A","US","N/A","3","N/A","https","N/A","N/A","2022-01-14T16:00:58.966Z","100","4801","4801"
"209.140.194.152","3128","transparent","AS394289","US","Hope College","66","Hope College","https","39","N/A","2022-01-14T16:00:57.699Z","100","4798","4809"
"64.227.62.123","80","elite","AS14061","US","DigitalOcean, LLC","2","DigitalOcean, LLC","http","35","N/A","2022-01-14T16:00:57.804Z","100","4805","4806"
"103.28.160.134","8080","transparent","AS17907","AU","RA-WIFI","172","RA-WIFI","https","52","N/A","2022-01-14T16:00:55.438Z","100","4789","4790"
"50.233.228.147","8080","anonymous","N/A","US","N/A","28","N/A","https","N/A","58","2022-01-14T16:00:52.994Z","100","4771","4772"
"157.230.255.230","8118","elite","N/A","SG","N/A","192","N/A","http","N/A","N/A","2022-01-14T16:00:50.034Z","100","4791","4795"
"143.110.151.242","3128","elite","N/A","US","N/A","3","N/A","https","N/A","N/A","2022-01-14T16:00:50.138Z","100","4785","4786"
"188.166.206.183","8118","elite","N/A","SG","N/A","184","N/A","http","N/A","N/A","2022-01-14T16:00:50.806Z","100","4778","4783"
"5.188.182.54","3128","elite","N/A","RU","N/A","144","N/A","https","N/A","N/A","2022-01-14T16:00:49.395Z","100","4795","4800"
"173.244.200.154","36636","elite","AS32780","US","Hosting Services, Inc.","74","Hosting Services, Inc.","socks4","69","1","2022-01-14T16:00:44.736Z","100","45","45"
"51.159.24.172","3163","elite","N/A","FR","N/A","142","N/A","https","N/A","N/A","2022-01-14T16:00:42.544Z","100","973","974"
"184.180.90.226","8080","transparent","N/A","US","N/A","58","N/A","https","N/A","167","2022-01-14T16:00:41.873Z","100","4799","4801"
"165.22.59.84","8080","transparent","N/A","SG","N/A","174","N/A","http","N/A","362","2022-01-14T16:00:39.549Z","100","4806","4808"
"167.99.163.146","3128","transparent","N/A","US","N/A","2","N/A","http","N/A","N/A","2022-01-14T16:00:36.910Z","100","4795","4795"
"75.111.123.167","1888","elite","AS19108","US","Suddenlink Communications","N/A","Suddenlink Communications","socks5","37","1","2022-01-14T16:00:36.792Z","12","554","4795"
"138.36.151.11","8090","transparent","N/A","AR","N/A","209","N/A","http","N/A","N/A","2022-01-14T16:00:32.692Z","100","4737","4744"
"51.81.6.160","60509","elite","N/A","US","N/A","66","N/A","socks4","N/A","1","2022-01-14T16:00:30.155Z","100","4631","4631"
"197.211.238.220","36851","elite","AS30969","ZW","Zimbabwe Online (Private) Ltd.","335","ZOL Cust Assignments","socks4","34","1","2022-01-14T16:00:27.440Z","96","4134","4296"
"128.199.4.92","3129","transparent","N/A","SG","N/A","2","N/A","https","N/A","N/A","2022-01-14T16:00:27.547Z","100","4780","4781"
"167.172.203.244","8118","elite","AS14061","US","DigitalOcean, LLC","2","DigitalOcean, LLC","http","38","N/A","2022-01-14T16:00:27.650Z","100","4780","4780"
"68.183.129.76","3129","transparent","N/A","US","N/A","76","N/A","https","N/A","N/A","2022-01-14T16:00:27.988Z","100","4774","4776"
"137.74.196.132","3128","transparent","N/A","FR","N/A","154","N/A","http","N/A","N/A","2022-01-14T16:00:25.004Z","100","4799","4800"
"177.75.96.74","3128","transparent","AS265889","BR","Optinet TelecomunicaÔÔes Ltda","210","Optinet Telecomunicações Ltda","https","35","N/A","2022-01-14T16:00:22.584Z","100","4792","4800"
"142.93.16.163","3128","transparent","N/A","US","N/A","2","N/A","http","N/A","N/A","2022-01-14T16:00:20.066Z","100","4744","4744"
"67.213.212.13","32980","elite","N/A","US","N/A","77","N/A","socks5","N/A","1","2022-01-14T16:00:19.957Z","100","4628","4634"
"222.165.205.154","5678","elite","N/A","ID","N/A","208","N/A","socks4","N/A","30004","2022-01-14T16:00:30.149Z","100","1","1"
"193.193.240.37","48785","elite","N/A","KZ","N/A","240","N/A","socks4","N/A","30003","2022-01-14T16:00:30.127Z","100","1","1"
"188.132.241.162","56109","elite","N/A","TR","N/A","N/A","N/A","socks5","N/A","1","2022-01-14T16:00:48.846Z","98","3951","4034"
"43.249.224.170","83","transparent","AS18229","IN","Equinox Consulting PVT LTD","236","Pioneer Elabs Ltd.","http","46","N/A","2021-06-29T13:03:20.582Z","100","66","66"
"147.135.255.62","8139","elite","AS16276","FR","OVH SAS","142","OVH","https","61","296","2021-06-29T13:02:00.860Z","100","38","38"
"147.135.255.62","8122","elite","AS16276","FR","OVH SAS","142","OVH","http","37","299","2021-06-29T13:01:55.317Z","100","47","47"
"173.244.200.154","44302","elite","AS32780","US","Hosting Services, Inc.","76","Hosting Services, Inc.","socks4","69","163","2021-06-29T13:01:16.017Z","100","43","43"